<?xml version="1.0" encoding="UTF-8"?>
<Notes>
    <Note id="1">
        <CDate>2018-3-21</CDate>
        <Content>发布Python0</Content>
        <UserID>tony</UserID>
    </Note>
    <Note id="2">
        <CDate>2018-3-22</CDate>
        <Content>发布Python1</Content>
        <UserID>tony</UserID>
    </Note>
    <Note id="3">
        <CDate>2018-3-23</CDate>
        <Content>发布Python2</Content>
        <UserID>tony</UserID>
    </Note>
    <Note id="4">
        <CDate>2018-3-24</CDate>
        <Content>发布Python3</Content>
        <UserID>tony</UserID>
    </Note>
    <Note id="5">
        <CDate>2018-3-25</CDate>
        <Content>发布Python4</Content>
        <UserID>tony</UserID>
    </Note>
</Notes>
